rank,uri,artist_names,track_name,source,peak_rank,previous_rank,weeks_on_chart,streams
1,"spotify:track:0R6NfOiLzLj4O5VbYSJAjf","Xavi","La Diabla","Interscope Records",1,1,8,"21051083"
2,"spotify:track:5XVdHRf4CAJ2Jm0uMIy5qY","Xavi","La Víctima","Interscope Records",2,2,18,"15150648"
3,"spotify:track:6XaJfhwof7qIgbbXO5tIQI","Kali Uchis, Peso Pluma","Igual Que Un Ángel (with Peso Pluma)","Geffen Records",3,3,2,"13939405"
4,"spotify:track:3QQAeMQbbjZXVFbF8DgFWT","Oscar Ortiz, Edgardo Nuñez","FIRST LOVE","Badsin Records, LLC",4,12,5,"9794322"
5,"spotify:track:6uIIdjYTxxpWOyWuVXrKQO","Calle 24, Chino Pacas, Fuerza Regida","Que Onda","Street Mob Records - Rancho Humilde",1,4,21,"9258042"
6,"spotify:track:6CvTEtGagmzQvkUzzyKR9k","Fuerza Regida, Marshmello","HARLEY QUINN","Rancho Humilde/Street Mob Records",1,5,14,"8458401"
7,"spotify:track:6RcAHyC5sAUIbPTkhOQwd8","Junior H","Y LLORO","WEA Latina",5,7,16,"8278120"
8,"spotify:track:6ED7qim1NAX1HjNU8039WS","Eugenio Esquivel, Grupo Marca Registrada, Sebastian Esquivel","Alucin","WKMX, División of WK Records / RB Records",8,8,10,"8211075"
9,"spotify:track:2OWv3lRR8PtOVuHWzQNRs2","Peso Pluma, Junior H, Oscar Maydon","Rompe La Dompe","2023 Double P Records",4,6,4,"7846129"
10,"spotify:track:4loIMejzvt11s97SGVEat8","Xavi, Los Dareyes De La Sierra","Poco A Poco","Interscope Records",9,10,17,"7737557"
11,"spotify:track:0O3U5iwTbiXCREMkvotJuN","Grupo Frontera, Grupo Firme","EL AMOR DE SU VIDA","Grupo Frontera",5,9,25,"7614065"
12,"spotify:track:127UT7AiWflJwjXWUBBVTQ","Natanael Cano","O Me Voy O Te Vas","WEA Latina",12,13,15,"7206782"
13,"spotify:track:05WVKTdZhlIMX4qqMLuo0f","Peso Pluma, Anitta","BELLAKEO","Double P Records",7,11,7,"6984878"
14,"spotify:track:1TEKUj8c5iyRNUUxo9SdSD","Xavi, Tony Aguirre","Modo DND","Interscope Records",13,14,13,"6366722"
15,"spotify:track:2TJKY0WSFufZOzbRNgl6zE","Alex Favela, Grupo Marca Registrada, Joaquin Medina","ELOVRGA","Rios Music/ Outerspace Music/ Boba Records Corporation",3,15,23,"6321593"
16,"spotify:track:7bywjHOc0wSjGGbj04XbVi","Feid, ATL Jacob","LUNA","UMLE - Latino",16,24,8,"5910491"
17,"spotify:track:6YOfGIE6iFxC7G8OlGGvzW","Junior H","ROCKSTAR","WEA Latina",15,23,16,"5753759"
18,"spotify:track:1rXxK89X0XGpIdTB6CwiFu","Gabito Ballesteros","A Puro Dolor","Los CT Records",13,16,8,"5735881"
19,"spotify:track:25OeKzcqakFPaJlXHPE5lm","Carin Leon","Primera Cita","Socios Music LLC",2,20,39,"5577113"
20,"spotify:track:7mXuWTczZNxG5EDcjFEuJR","Peso Pluma, Gabito Ballesteros, Junior H","LADY GAGA","Double P Records",1,19,31,"5527707"
21,"spotify:track:1sXr6moCwVxwKEgSPxhVvF","Calle 24, Chino Pacas","Apaga El Cel","Street Mob Records - Rancho Humilde",21,41,4,"5482564"
22,"spotify:track:5RqSsdzTNPX1uzkmlHCFvK","KAROL G, Peso Pluma","QLONA","Bichota/Interscope Records",2,22,24,"5418858"
23,"spotify:track:4zfQER4owi8q6NL8Gg63Ya","Fuerza Regida","CRAZYZ","Rancho Humilde/Street Mob Records",20,25,10,"5372887"
24,"spotify:track:4bw8mcDUSRWfQo63ZTYRnU","Maluma, Carin Leon","Según Quién","Sony Music Latin",6,17,23,"5348941"
25,"spotify:track:3FvTHuefYV6TxE3Kseqno8","Gabito Ballesteros, Natanael Cano","LOU LOU","Los CT Records",3,18,14,"5174583"
26,"spotify:track:6VciS3dRMpZhJiDxT8ArFi","Bizarrap, Young Miko","Young Miko: Bzrp Music Sessions, Vol. 58","DALE PLAY Records",21,21,2,"4950587"
27,"spotify:track:4t46soaqA758rbukTO5pp1","Natanael Cano","Mi Bello Angel","WEA Latina",4,29,30,"4857965"
28,"spotify:track:1RzjXhgnzqb3dMa5852itx","Peso Pluma, Tito Double P","LA PEOPLE","Double P Records",8,28,24,"4818504"
29,"spotify:track:7iQXYTyuG13aoeHxGG28Nh","Bad Bunny, Feid","PERRO NEGRO","Rimas Entertainment LLC",4,27,15,"4623863"
30,"spotify:track:1UL2Sn9KX8StSDOp8ZEAOC","Doble ONE Flow Letal","Mi Kryptonita","CUELLO BLANCO",25,26,13,"4589585"
31,"spotify:track:1Aa54YEL20kiDPI6f4XGdS","Uzielito Mix, Yeri Mua, El Jordan 23, Dj Kiire","Linea Del Perreo","Candela Music",23,31,7,"4423553"
32,"spotify:track:2NQZVzSRRatbbPWD5IfadH","Xavi","Sin Pagar Renta","Interscope Records",32,33,7,"4418374"
33,"spotify:track:29vIEdxgMT9H1fnBMecWjA","Julión Álvarez y su Norteño Banda","Lo Tienes Todo","UMLE - Fonovisa",33,36,9,"4254293"
34,"spotify:track:51qYdMBxt9mFbtZBzq1Yfi","Julión Álvarez y su Norteño Banda","Regalo De Dios","UMLE - Fonovisa",34,63,4,"4229753"
35,"spotify:track:1PTgQ0HyfwbXRKapVPNKxI","Oscar Maydon, Natanael Cano, Gabito Ballesteros","Tipo Gatsby","Rancho Humilde",26,32,5,"4031700"
36,"spotify:track:5HR7yfhSCeoOHRQN05XnZQ","Grupo Frontera, Carin Leon","QUE VUELVAS","Grupo Frontera",2,37,59,"3944910"
37,"spotify:track:4GvEuYAfJlICR2SpMDaBxQ","Jere Klein, Gittobeatz","ANDO","2023 JERE KLEIN",37,44,10,"3929405"
38,"spotify:track:1xgWArLVFD1AKsLzftZYc2","Oscar Maydon, Gabito Ballesteros, Chino Pacas","Elvira","Rancho Humilde",33,38,5,"3903531"
39,"spotify:track:5B8FWDSKUT5Ui1CsCfopWh","Grupo Marca Registrada, Octavio Cuadras","Bling Bling","RB Music, Inc. (RB Music/Grupo Marca Registrada)",25,34,8,"3852209"
40,"spotify:track:1GtIK8iINes4gNt06F60NU","Alfredo Olivas","Vete","Fonovisa",28,40,30,"3850587"
41,"spotify:track:3kx21xR6IboC9HVdajgBoc","Fuerza Regida","SABOR FRESA","Rancho Humilde/Street Mob Records",2,42,31,"3780159"
42,"spotify:track:3wlIAXSDtlD9iU8ysld06Z","Peso Pluma, Jasiel Nuñez, Junior H","BIPOLAR","Double P Records",13,39,20,"3735596"
43,"spotify:track:7yIIeKUxTpn36X6CFJhgEi","Bellakath, Dani Flow","Reggaeton Champagne","La Mafia del Perreo",9,35,16,"3687356"
44,"spotify:track:5SHXikmjPwChjvpVIeYkMf","Oscar Maydon, Junior H, Gabito Ballesteros","Skin de Bandida","Rancho Humilde",14,43,18,"3646009"
45,"spotify:track:671fHUAB2n0MocazS1bMB8","Rels B, Kenia OS","Por Dentro","DALE PLAY Records / Flakk Team",20,49,9,"3551150"
46,"spotify:track:0lbDzTINTToToBpkrnQT2t","Fuerza Regida, Manuel Turizo","UNA CERVEZA","Rancho Humilde/Street Mob Records",46,72,5,"3506257"
47,"spotify:track:7LLBONqWyX3MoBvIVPu5fj","Tiagz, Fuerza Regida, El Alfa","Tacata (Remix)","Street Mob Records",47,47,4,"3423299"
48,"spotify:track:4DnhYGcizQepwr7vvvntih","Alex Favela, Código FN, Oscar Ortiz","ALVRGZO","Rios Music / Badsin Records / Al Millon Music",45,50,8,"3403627"
49,"spotify:track:5cWgwbui8BasfjCXvBZ7UA","Carin Leon, Grupo Frontera","Alch Si","SOCIOS MUSIC LLC",49,52,8,"3388442"
50,"spotify:track:2yzshFeBIwH8tWIqHEFLeD","Grupo Frontera, Bad Bunny","un x100to","Grupo Frontera",2,45,41,"3374723"
51,"spotify:track:7gaA3wERFkFkgivjwbSvkG","Ariana Grande","yes, and?","Republic Records",30,30,2,"3323285"
52,"spotify:track:77phWAt2l34OadUUUqi5ai","Luis R Conriquez, Peso Pluma","Pixelados","Kartel Music",48,48,3,"3180335"
53,"spotify:track:1haJsMtoBhHfvuM7XWuT3W","Junior H, Peso Pluma","El Azul","WEA Latina",3,51,50,"3151235"
54,"spotify:track:0zhymr6RqNuvp0RMIvdpdA","Código FN, Gabito Ballesteros","Mood Malandro","Al Millon Music",13,46,22,"3095915"
55,"spotify:track:3YgWZ3CTC5ohdF9EdZjuMT","Natanael Cano, Dan Sanchez","Adrenalina","Rancho Humilde",55,-1,1,"3088329"
56,"spotify:track:2O223PoYCkIPSsE4cmnr9v","Fuerza Regida","TQM","Rancho Humilde/Street Mob Records",1,54,36,"3010490"
57,"spotify:track:6TBzRwnX2oYd8aOrOuyK1p","Oscar Maydon, Junior H","Fin de Semana","Rancho Humilde",4,53,54,"2864839"
58,"spotify:track:1SlPNQ3vAF56AiHr6Ul6jM","Michelle Maciel, Eden Muñoz, Panter Bélico","CCC - Remix","DALE PLAY Records / Solido Records",26,59,21,"2858620"
59,"spotify:track:2DRGyAlo0ht15FGLTQPCCt","Adrian L Santos, Joaquin Medina","Ya No Estoy Dolido","Rancho Humilde",59,139,2,"2849674"
60,"spotify:track:6UtWwuheJr5LLDeVypPNx7","Fuerza Regida","EXCESOS","Rancho Humilde/Street Mob Records",38,57,14,"2842018"
61,"spotify:track:4WefXOf8I4gMjdj2kBJgkl","LATIN MAFIA, Humbe","Patadas de Ahogado","Home Made Records",26,58,12,"2716008"
62,"spotify:track:4Nf5EZ40JenjMUKXOiyRU5","Peso Pluma","NUEVA VIDA","Double P Records",37,62,31,"2683849"
63,"spotify:track:7v4JGOsUkblqcvOJ0YpNUU","Yeri Mua, El Gudi, Oviña, Jey F, Alan Dazmel","CHUPON","FullBrand Music",24,56,18,"2656246"
64,"spotify:track:3HOKxuTDmNVmIlCIpBiD8m","Peso Pluma, Jasiel Nuñez","LAGUNAS","Double P Records",12,61,31,"2606890"
65,"spotify:track:3kf0WdFOalKWBkCCLJo4mA","Chino Pacas","El Gordo Trae El Mando","STREET MOB",6,70,51,"2596818"
66,"spotify:track:46XNO42jaQNr5DdEWINdpL","Luis R Conriquez, Edgardo Nuñez, Los Dareyes De La Sierra","De Fresa y Coco","Kartel Music",61,65,10,"2582911"
67,"spotify:track:179TZwPk0txEvjkraVTVKo","Alfredo Olivas","El Precio De La Soledad","Camiolvi",42,60,72,"2547761"
68,"spotify:track:24teIhDYO2RocTA2v5dY0r","Junior H","Extssy Model","WEA Latina",37,78,67,"2535773"
69,"spotify:track:2CshODtf7iwe3pKlPmEWF5","Junior H","TRES BOTELLAS","WEA Latina",43,74,16,"2476027"
70,"spotify:track:283ngLR3LX6cdq9unM7MJ0","Dani Flow, El Bogueto, Uzielito Mix","MARTILLAZO","Virgin Music / Dani Flow",28,55,10,"2470466"
71,"spotify:track:2fQrrBtuNVMWOHqLyk4EfO","Alfredo Olivas","Yo Todo Lo Doy","Fonovisa",45,64,68,"2459966"
72,"spotify:track:7iUtQNMRB8ZkKC4AmEuCJC","Myke Towers","LA FALDA","WEA Latina",72,122,6,"2435252"
73,"spotify:track:7ABLbnD53cQK00mhcaOUVG","Myke Towers","LALA","WEA Latina",3,67,30,"2406793"
74,"spotify:track:3KZCP2StVGdWkOKyRZNWA4","Plan B","Es un Secreto","Pina Records",42,71,98,"2368352"
75,"spotify:track:2eXvwd7kOvTWVfd9Kinx2x","Xavi","Amigos con Derecho","Baga Music",75,76,7,"2327736"
76,"spotify:track:6Z0ybnsUBhbZ9ZjPW64eoF","Belanova","Rosa Pastel","Universal Music Mexico",22,82,62,"2307744"
77,"spotify:track:0uBrQT9ny21InKVEsc7lm2","Uzielito Mix, El Bogueto, Dani Flow","Otro Show","Candela Music",36,69,20,"2291573"
78,"spotify:track:2UW7JaomAMuX9pZrjVpHAU","Yng Lvcas, Peso Pluma","La Bebe - Remix","WM Mexico",2,73,45,"2285861"
79,"spotify:track:71V6u8mPSydvEokO7XYqG6","Alfredo Olivas","El Vals Del Olvido","Camiolvi",66,77,67,"2283210"
80,"spotify:track:54zcJnb3tp9c5OVKREZ1Is","KAROL G","MI EX TENÍA RAZÓN","Bichota/Interscope Records",13,68,24,"2282475"
81,"spotify:track:492zkdiUa0CECUDyiG3d35","Clave Especial","Rápido Soy","Street Mob Records - Rancho Humilde",81,111,4,"2279258"
82,"spotify:track:0cNSq9T5l8gZnpY14rsTR2","Peso Pluma, Natanael Cano","PRC","Double P Records",1,79,53,"2274045"
83,"spotify:track:3qQbCzHBycnDpGskqOWY0E","Eslabon Armado, Peso Pluma","Ella Baila Sola","DEL Records",1,66,45,"2247003"
84,"spotify:track:2QrU43HoJRNBrbo2XLI9DS","Alfredo Olivas","No","Fonovisa",73,85,48,"2232304"
85,"spotify:track:4Zx0yrZwW4uNpd1FhIrOV5","Natanael Cano","Mas Altas Que Bajadas","WEA Latina",12,86,30,"2229095"
86,"spotify:track:0UbesRsX2TtiCeamOIVEkp","Fuerza Regida, Natanael Cano","Ch y la Pizza","Rancho Humilde/Street Mob Records",6,80,60,"2222587"
87,"spotify:track:505v13epFXodT9fVAJ6h8k","KAROL G","AMARGURA","Universal Music Latino",38,91,37,"2190889"
88,"spotify:track:5aJ1M43pinROpwaPnO8KRj","Natanael Cano","Amor Tumbado","Rancho Humilde",30,92,122,"2141513"
89,"spotify:track:14k3Rb7Xgte9fsndjdenmq","Kany García, Carin Leon","Te Lo Agradezco","5020 Records",77,99,25,"2139381"
90,"spotify:track:3tt9i3Hhzq84dPS8H7iSiJ","Manuel Turizo","La Bachata","Sony Music Latin/La Industria",1,97,81,"2130357"
91,"spotify:track:0FxtC8uFapbpDBliAU3sd6","Natanael Cano, Peso Pluma, Gabito Ballesteros","AMG","WEA Latina",1,83,61,"2106270"
92,"spotify:track:3cF2DwEniY7qbL7nT93fAc","Oscar Maydon","YW&F - Versión Reggaeton","Rancho Humilde",67,75,5,"2101783"
93,"spotify:track:76kelNDs1ojicx1s6Urvck","Grupo Frontera","NO SE VA - EN VIVO","Grupo Frontera",1,89,78,"2092426"
94,"spotify:track:2SqUfIOD0VDJirHTVIdn4F","El Malilla, Yeyo, Dj Rockwel Mx","B de Bellako","Virgin Music / La Esquina INC",81,81,5,"2088224"
95,"spotify:track:1hZsWUnLbqRw09jLAMQSsb","Feid, Young Miko","CLASSY 101","UMLE - Latino",18,87,43,"2086046"
96,"spotify:track:7bPp2NmpmyhLJ7zWazAXMu","Peso Pluma, Grupo Frontera","TULUM","Double P Records",4,84,30,"2066543"
97,"spotify:track:0xGZjxYqcNQ8WqxyeZ4eSN","Peso Pluma","RUBICON","Double P Records",18,93,31,"2062410"
98,"spotify:track:7uuqrSuCjWxPTCVyOeGMyt","Michelle Maciel, Eden Muñoz","CCC","DALE PLAY Records / Solido Records",14,98,37,"2047880"
99,"spotify:track:2kz1YOhJiNubjigR1gB1VX","Rauw Alejandro","DILUVIO","Sony Music Latin/Duars Entertainment",68,106,12,"2043167"
100,"spotify:track:7CyPwkp0oE8Ro9Dd5CUDjW","The Weeknd, JENNIE, Lily-Rose Depp","One Of The Girls (with JENNIE, Lily Rose Depp)","XO / Republic Records",100,103,5,"2027116"
101,"spotify:track:1OZpgVRQKkxcoeEocqTMRZ","Julión Álvarez y su Norteño Banda","Pongámonos De Acuerdo","UMLE - Fonovisa",27,107,72,"2011674"
102,"spotify:track:775hCSePn3GW4h9nZ636kq","Peso Pluma, Tito Double P","GAVILÁN II","Double P Records",43,88,31,"1985768"
103,"spotify:track:4MjDJD8cW7iVeWInc2Bdyj","Bad Bunny","MONACO","Rimas Entertainment LLC",2,90,15,"1985765"
104,"spotify:track:3RA55zrRkyPK8Fd86hrMy8","Peso Pluma, Junior H","LUNA","Double P Records",4,101,31,"1984763"
105,"spotify:track:1EZk1gal98tb4lNI862KzO","Natanael Cano","Pacas De Billetes","WEA Latina",18,105,39,"1975537"
106,"spotify:track:6XbtvPmIpyCbjuT0e8cQtp","Quevedo","Columbia","Quevedo",16,100,29,"1964837"
107,"spotify:track:32hCeeK3ayPux4UauNPsgA","Arcángel, Grupo Frontera","ALV","Rimas Entertainment LLC.",59,95,10,"1951168"
108,"spotify:track:0qCPD6ilr9nXkI4KVZgcns","Eden Muñoz, Junior H","Abcdario","Lizos Music",7,102,37,"1940948"
109,"spotify:track:2Nk3gXgekore0lfB7PCnub","Alfredo Olivas","El Paciente","Camiolvi",59,94,186,"1897398"
110,"spotify:track:2ieCamPuL76ipKH1cLH7tH","Luis R Conriquez, Tito Double P","Sin Tanto Royo","Kartel Music",56,96,14,"1890843"
111,"spotify:track:6Sq7ltF9Qa7SNFBsV5Cogx","Bad Bunny, Chencho Corleone","Me Porto Bonito","Rimas Entertainment LLC",1,117,90,"1885296"
112,"spotify:track:6tEl8GwFJEFyxZAO1ibTRF","Carin Leon","No Es Por Acá","Socios Music LLC",25,104,81,"1882938"
113,"spotify:track:0DWdj2oZMBFSzRsi2Cvfzf","KAROL G, Shakira","TQG","Universal Music Latino",1,109,48,"1871319"
114,"spotify:track:2VzCjpKvPB1l1tqLndtAQa","Peso Pluma","Por las Noches","El Cártel de Los Ángeles",7,108,63,"1857675"
115,"spotify:track:49Zc3sEJHADPoVDM4jNKgs","Grupo Frontera, Manuel Turizo","DE LUNES A LUNES","Grupo Frontera",42,115,22,"1854005"
116,"spotify:track:1RGlfmdvcfatN0ZLOmzanS","Junior H","El Hijo Mayor","WEA Latina",22,113,80,"1830431"
117,"spotify:track:46YjJXVXWHlQ21odKktg5e","Tainy, Bad Bunny","MOJABI GHOST","NEON16, LLC",15,121,30,"1815010"
118,"spotify:track:4SHTLje9c6RLnx6kOPt9L6","Alfredo Olivas","El Sillón","Camiolvi",85,110,29,"1814363"
119,"spotify:track:1Fuc3pBiPFxAeSJoO8tDh5","El Chachito, Junior H","En Paris","Rancho Humilde",12,132,57,"1792919"
120,"spotify:track:46FdwGMcgz6gik4RCpWBAW","Oscar Maydon, El Padrinito Toys","Los Collares","Rancho Humilde",13,119,68,"1787693"
121,"spotify:track:4Dvkj6JhhA12EX05fT7y2e","Harry Styles","As It Was","Columbia",1,131,95,"1779249"
122,"spotify:track:2CeKVsFFXG4QzA415QygGb","Feid","Feliz Cumpleaños Ferxxo","UMLE - Latino",23,118,75,"1771271"
123,"spotify:track:3HqcNJdZ2seoGxhn0wVNDK","KAROL G","PROVENZA","Universal Music Latino",1,123,92,"1753735"
124,"spotify:track:4kFK6SkNXA7bBQgTzvFSWz","Kenia OS, Alvaro Diaz","Bobo","Sony Music México",124,-1,1,"1749928"
125,"spotify:track:2hn2zOA2XFlv6DSmesylrL","Ryan Castro, Peso Pluma, SOG","QUEMA","Sony Music Latin",31,114,28,"1749219"
126,"spotify:track:1piak4R3yW4otWWyaSqyCH","Junior H, Peso Pluma, Gabito Ballesteros","El Tsurito","WEA Latina",13,116,42,"1718301"
127,"spotify:track:3k3NWokhRRkEPhCzPmV8TW","Bad Bunny, Bomba Estéreo","Ojitos Lindos","Rimas Entertainment LLC",1,127,90,"1713343"
128,"spotify:track:0FkD2FHEZrZIofVkY6XPFK","Tito Double P, Joel De La P, Luis R Conriquez","DEMBOW BÉLICO","Double P Records",11,120,33,"1708830"
129,"spotify:track:1iRvhKiXRElIH2Uf4gd95P","Jesse & Joy","Dueles","WM Mexico",43,134,148,"1700433"
130,"spotify:track:4OVpyR6yhYyVoRj9D7CERz","Banda MS de Sergio Lizárraga, Carin Leon","Ojos Cerrados","Lizos Music",44,126,107,"1695232"
131,"spotify:track:4tKGFmENO69tZR9ahgZu48","Sophie Ellis-Bextor","Murder On The Dancefloor","Polydor Records",131,-1,1,"1690949"
132,"spotify:track:5u9W6O6RiCRbJIOhE4Nmzy","Adrian L Santos, Oscar Maydon","Pal Amor Soy Malo - Remix","WM Mexico",124,124,8,"1688586"
133,"spotify:track:6CRRlfXDdhsL6vih3J5xco","Alfredo Olivas","En Definitiva","Camiolvi",78,112,98,"1679683"
134,"spotify:track:4H6o1bxKRGzmsE0vzo968m","Yuridia, Ángela Aguilar","Qué Agonía","Sony Music México",5,135,66,"1666551"
135,"spotify:track:5BTibB0lM8fExn033QebZJ","Julión Álvarez y su Norteño Banda","Casi Completa","UMLE - Fonovisa",135,137,6,"1665205"
136,"spotify:track:0JDrG1g5HXbfgGtRKT0ofH","Natanael Cano","Diamantes","WEA Latina",72,136,23,"1660789"
137,"spotify:track:7MmrcXVA7A5zZ2CbDuGHNa","Rels B","A Mí","DALE PLAY Records / Flakk Team",68,138,257,"1632791"
138,"spotify:track:3GSMdtJphymHEsR8K9jT5Q","León Larregui","Locos","Universal Music Mexico",56,128,305,"1626766"
139,"spotify:track:0IKeDy5bT9G0bA7ZixRT4A","Fuerza Regida, Grupo Frontera","Bebe Dame","Rancho Humilde/Street Mob Records",1,133,57,"1599665"
140,"spotify:track:2HafqoJbgXdtjwCOvNEF14","iñigo quintero","Si No Estás","Acqustic",29,129,17,"1590511"
141,"spotify:track:55ZATsjPlTeSTNJOuW90pW","Cartel De Santa, La Kelly","Shorty Party","Babilonia Music, S.A. De C.V.",1,148,47,"1581891"
142,"spotify:track:5XeFesFbtLpXzIVDNQP22n","Arctic Monkeys","I Wanna Be Yours","Domino Recording Co",119,151,67,"1557511"
143,"spotify:track:5Ei8EK2uXNkqqVSe2QYsFp","Julión Álvarez y su Norteño Banda","Que Te Vaya Bien","UMLE - Fonovisa",21,130,75,"1556390"
144,"spotify:track:2bXJMQZSJND3UYq5mjV4cB","Peso Pluma, Natanael Cano","CARNAL","Double P Records",25,143,31,"1554745"
145,"spotify:track:3BwabPHcwg7jotkO7YOcJ2","Pesado","A chillar a otra parte","WEA Latina",145,162,2,"1528743"
146,"spotify:track:4waqcUQWdj0yH26STWl2Rq","La Oreja de Van Gogh","Rosas","Columbia",119,168,82,"1522423"
147,"spotify:track:3HgvO4B5LLmdPOT2d8cSZd","LAGOS, Danny Ocean","Mónaco","WM Mexico",12,125,135,"1511443"
148,"spotify:track:1IzGf1RLpHuImi5lsCD3T9","Duelo","Puño De Diamantes","LA BONITA MUSIC",131,144,24,"1505173"
149,"spotify:track:2a8yglXvNw07OWu4lO2ByG","Junior H","LA CHERRY","WEA Latina",30,153,16,"1501612"
150,"spotify:track:1tzj4DDVNp6X2ltpdTGtZW","Javier Rosas Y Su Artillería Pesada, Lupe Borbon y su Blindaje 7","La Suma","Rosas Music",150,-1,1,"1486137"
151,"spotify:track:2tTmW7RDtMQtBk7m2rYeSw","Bizarrap, Quevedo","Quevedo: Bzrp Music Sessions, Vol. 52","DALE PLAY Records",1,140,81,"1474874"
152,"spotify:track:2cpAMkytkJoaaLYO6pXBey","Natanael Cano","El Toro Encartado - Spotify Singles","WEA Latina",27,155,19,"1471717"
153,"spotify:track:3KTExsIhHiqNHW9XBbTTZd","Natanael Cano, Dan Sanchez","Como Es Arriba Es Abajo","WEA Latina",26,173,42,"1462730"
154,"spotify:track:1AZbs0L3SkXe625DKp37KQ","LATIN MAFIA","Julietota","Home Made Records",27,147,22,"1460493"
155,"spotify:track:1BxfuPKGuaTgP7aM0Bbdwr","Taylor Swift","Cruel Summer","Taylor Swift",39,142,29,"1457453"
156,"spotify:track:0OEBOJhSObnFuHuasXdt52","Shakira","Dia de Enero","Epic",100,150,47,"1453478"
157,"spotify:track:5Eax0qFko2dh7Rl2lYs3bx","Bad Bunny","Efecto","Rimas Entertainment LLC",2,149,90,"1430281"
158,"spotify:track:41sTEjHxztd0AwF7Dn0HJe","Grupo Frontera","LE VA DOLER","Grupo Frontera",65,141,26,"1429368"
159,"spotify:track:4ygQ5wSuzzNRevVjup1qV2","Luis R Conriquez, Tony Aguirre, Peso Pluma","El Gavilán","Kartel Music / Prajin Music",12,160,66,"1423933"
160,"spotify:track:5NCBP3ivrIDcHEtzHSW3k0","Natanael Cano","El Drip","Rancho Humilde",84,175,47,"1419469"
161,"spotify:track:6Xj014IHwbLVjiVT6H89on","Kenia OS","Malas Decisiones","Sony Music México",13,193,54,"1416956"
162,"spotify:track:0fea68AdmYNygeTGI4RC18","J Balvin, Bad Bunny","LA CANCIÓN","Universal Music Latino / Rimas",1,152,239,"1408071"
163,"spotify:track:4NRvhgXpBfLCPjdDbZHjp7","Yeri Mua, Uzielito Mix, Jey F, El Gudi, Alan Dazmel, Oviña","Brattiputy","Yeri Mua",163,-1,1,"1407533"
164,"spotify:track:5LXnSZVJ3kvi0MpA4ryjIb","Grupo Marca Registrada, Junior H","Mafiosa","RB Music, Inc. (RB Music/Grupo Marca Registrada)",88,146,12,"1404213"
165,"spotify:track:1uKjQoh8JZj9ryuYRhpd7E","Luis Miguel","Ahora Te Puedes Marchar","WM Mexico",21,163,370,"1403678"
166,"spotify:track:2ctjDCCg1wHoQSjIJ8p6U4","Plan B","Candy","Pina Records",140,180,31,"1400574"
167,"spotify:track:1Wrzhfa5bNlqvsnCztz190","Hombres G","Devuélveme a mi chica","WM Spain",72,183,308,"1398513"
168,"spotify:track:3Zin1vaMx7PjFWIOBTE4FM","Carin Leon, Camilo","Ni Me Debes Ni Te Debo","Socios Music LLC",40,187,35,"1397382"
169,"spotify:track:7DhYjNLksXZhbRQeheAums","Bacilos","Caraluna","WEA Latina",94,157,186,"1392857"
170,"spotify:track:7DSAEUvxU8FajXtRloy8M0","Miley Cyrus","Flowers","Columbia",2,170,42,"1384137"
171,"spotify:track:0SRddBTphQwQcfqw4Br1uX","León Larregui","Brillas","EMI México",43,178,361,"1370460"
172,"spotify:track:3vkCueOmm7xQDoJ17W1Pm3","Mitski","My Love Mine All Mine","Dead Oceans",172,-1,1,"1370356"
173,"spotify:track:21QPEewQy6P4l6mY0OE1fL","Alfredo Olivas","Seguramente","Camiolvi",165,174,11,"1366164"
174,"spotify:track:6ifUES3keWjwXgae8pXI3o","Danny Ocean","Me Rehúso","Atlantic Records",1,166,365,"1351927"
175,"spotify:track:2jPufybqAAmiF16Jirt9Ez","Julión Álvarez y su Norteño Banda","Te Hubieras Ido Antes","UMLE - Fonovisa",57,176,25,"1351294"
176,"spotify:track:1l77YWrGUp3qX3NS1rz7lq","Banda MS de Sergio Lizárraga","El Color de Tus Ojos","Lizos Music",24,184,247,"1345600"
177,"spotify:track:6981hdSOqG8tP6xTqaySa1","Julión Álvarez y su Norteño Banda","Ojos Verdes","UMLE - Fonovisa",37,159,49,"1345019"
178,"spotify:track:2KslE17cAJNHTsI2MI0jb2","Jung Kook","Standing Next to You","BIGHIT MUSIC",66,189,11,"1340830"
179,"spotify:track:7K2JfvcKhIMwOndE6QBodf","Natanael Cano","El de La Codeina","LRR/Hyphy Music",110,179,35,"1340542"
180,"spotify:track:0UXlu64mDLvfzR8IXMz06J","Christian Nodal","Ya No Somos Ni Seremos","Producciones Ladon, S.A de C.V.",1,-1,93,"1339063"
181,"spotify:track:1EKZmfqveHKe78Isfk07w4","Grupo Frontera, Junior H","EN ALTAVOZ","Grupo Frontera",58,156,25,"1334179"
182,"spotify:track:4tYgQrGwhpvjfq4ryajgUo","Reik, Carin Leon","El Correcto","Sony Music México",94,177,13,"1328705"
183,"spotify:track:5jt25aFjW2kNoBqaEVaz5W","Mora, Feid","LA INOCENTE","Rimas Entertainment LLC",75,199,81,"1328385"
184,"spotify:track:17js0w8GTkTUFGFM6PYvBd","Fuerza Regida, Peso Pluma","Igualito a Mi Apá","Rancho Humilde/Street Mob Records",19,172,53,"1324320"
185,"spotify:track:69Ej1xrGjOcHvIMtMKxK0G","Don Omar","Dile","UMLE - Machete",90,195,65,"1323024"
186,"spotify:track:7IlJlSpohNtejR7mI9Wz5c","Xavi","Aquí Estoy Yo","Interscope Records",186,-1,1,"1321113"
187,"spotify:track:3ZGkdrigbWXLgHungXfZkt","Junior H, Luis R Conriquez","Los Botones Azules","WEA Latina",13,182,99,"1319748"
188,"spotify:track:2LawezPeJhN4AWuSB0GtAU","Creedence Clearwater Revival","Have You Ever Seen The Rain","Craft Recordings",188,-1,1,"1315503"
189,"spotify:track:4rX1QSvkaQE2y5LJLVjFqG","Luis Mexia, Grupo Firme","Calidad","Luis Mexia",14,197,80,"1311719"
190,"spotify:track:5xzGmQsjbPuIZ6GtPdVuEq","Grupo Marca Registrada, Junior H","El Rescate","RB Music, Inc. (RB Music/Grupo Marca Registrada)",8,154,79,"1310853"
191,"spotify:track:5rcnAHBclBs0OGV4rATEnR","Humbe","fantasmas","Sony Music México",72,167,9,"1308745"
192,"spotify:track:1ULnQ2yn5LeQX4LrROm1RD","Junior H, Ovi","COLOGNE","WEA Latina",19,198,50,"1308077"
193,"spotify:track:3JvDAV3iV1KH0EmnfdU8kf","Alfredo Olivas","Antecedentes De Culpa","Camiolvi",137,169,11,"1286355"
194,"spotify:track:3nNmRE0DxHC6ZaKkrpUumS","Bad Bunny, Young Miko","FINA","Rimas Entertainment LLC",7,165,15,"1281593"
195,"spotify:track:3FUVgc4ULS0t7X7sUBZ1UO","Natanael Cano, Junior H","Eres","WEA Latina",14,-1,28,"1281254"
196,"spotify:track:0W4yC1CrhJVQCpcFrB6oGU","Kenia OS","Ojo X Ojo","Sony Music México",40,-1,12,"1279094"
197,"spotify:track:68cUJFq7aAbgeurngTmngL","Junior H","$AD BOYZ II","WEA Latina",11,186,16,"1278302"
198,"spotify:track:5YZgFW1hURKX02zTayrpGI","Fuerza Regida","BARBIEZ","Rancho Humilde/Street Mob Records",198,-1,1,"1278005"
199,"spotify:track:5kpxVMDvYGRmNqawPqDTYR","La Adictiva, Luis R Conriquez","JGL","Anval Music",10,158,97,"1275999"
200,"spotify:track:3upTB6o5YgeALHgDp3mzte","Grupo Firme, Gerardo Coronel","Qué Onda Perdida","Music VIP Entertainment Inc",33,188,43,"1274091"
